sig,group,n,edge,tb_sym_win,tb_asym_win,fwd_mean,progress_med
ORIG dots (retest),cripto 1h,26745,-0.0136,0.4701,0.3036,0.0869,0.4767
R0 banda (original),cripto 1h,12768,0.0031,0.4791,0.3091,-0.0057,0.5072
R1 cruce base (1o),cripto 1h,11552,0.0139,0.4829,0.3154,-0.0712,0.3976
R2 giro pendiente (1o),cripto 1h,9778,0.0172,0.4830,0.3141,-0.0724,0.4167
R3 base+pendiente,cripto 1h,9780,0.0174,0.4831,0.3140,-0.0736,0.4167
R4 flujo cambia signo (1o),cripto 1h,6472,-0.0303,0.4594,0.2950,-0.1578,0.3195
R5 agotamiento z<=-2 + cierre>max[1],cripto 1h,8168,-0.0463,0.4519,0.2859,-0.1969,0.2294
P conf=toque,cripto 1h,29551,-0.0162,0.4680,0.3024,0.0915,0.4899
P conf=z sube,cripto 1h,24673,-0.0173,0.4668,0.3028,0.1046,0.5042
P conf=cierre>max[1],cripto 1h,17429,-0.0171,0.4688,0.3054,0.0773,0.5173
P conf=cierre>base,cripto 1h,25652,-0.0147,0.4690,0.3051,0.1003,0.5055
"P conf=cierre>max[1,2]",cripto 1h,13477,-0.0200,0.4665,0.3027,0.0567,0.5206
P conf=z sube +pendiente,cripto 1h,22268,-0.0152,0.4685,0.3070,0.1109,0.5145
P conf=z sube +flujo,cripto 1h,15579,-0.0251,0.4644,0.2986,0.1002,0.5054
P conf=cierre>max[1] +pendiente,cripto 1h,15674,-0.0124,0.4721,0.3081,0.0766,0.5250
P toque 0.5 conf=z sube,cripto 1h,44794,-0.0027,0.4765,0.3093,0.1059,0.5384
P toque -0.5 conf=z sube,cripto 1h,14618,-0.0252,0.4613,0.2992,0.0981,0.4688
K re-cruce banda tras test,cripto 1h,12063,0.0299,0.4968,0.3260,0.2251,0.5864
K nuevo extremo tras test,cripto 1h,5985,0.0316,0.4996,0.3367,0.2797,0.6400
BASE cada 5 velas (ambos lados),cripto 1h,199506,-0.0019,0.4762,0.3057,0.0000,0.4740
BASE cada 5 velas a favor del regimen,cripto 1h,99753,0.0056,0.4799,0.3135,0.1726,0.5734
ORIG dots (retest),cripto 4h,6643,-0.0089,0.4733,0.3086,0.0190,0.4739
R0 banda (original),cripto 4h,3124,0.0403,0.5051,0.3431,0.3180,0.4972
R1 cruce base (1o),cripto 4h,2823,-0.0145,0.4648,0.3085,0.0142,0.3996
R2 giro pendiente (1o),cripto 4h,2400,-0.0137,0.4646,0.3054,-0.0150,0.4226
R3 base+pendiente,cripto 4h,2400,-0.0146,0.4642,0.3050,-0.0182,0.4226
R4 flujo cambia signo (1o),cripto 4h,1584,-0.0019,0.4710,0.2955,0.1909,0.3556
R5 agotamiento z<=-2 + cierre>max[1],cripto 4h,2046,-0.0533,0.4526,0.2854,-0.1634,0.2362
P conf=toque,cripto 4h,7386,-0.0038,0.4773,0.3111,0.0487,0.4844
P conf=z sube,cripto 4h,6252,0.0002,0.4802,0.3210,0.1137,0.4909
P conf=cierre>max[1],cripto 4h,4399,0.0111,0.4874,0.3369,0.1996,0.4996
P conf=cierre>base,cripto 4h,6361,0.0030,0.4818,0.3172,0.1183,0.4981
"P conf=cierre>max[1,2]",cripto 4h,3483,0.0408,0.5030,0.3474,0.2300,0.5076
P conf=z sube +pendiente,cripto 4h,5552,0.0052,0.4834,0.3237,0.1535,0.5031
P conf=z sube +flujo,cripto 4h,3912,0.0069,0.4849,0.3231,0.2517,0.4932
P conf=cierre>max[1] +pendiente,cripto 4h,3927,0.0242,0.4958,0.3415,0.2004,0.5084
P toque 0.5 conf=z sube,cripto 4h,10974,0.0149,0.4878,0.3198,0.1067,0.5298
P toque -0.5 conf=z sube,cripto 4h,3664,-0.0055,0.4733,0.3144,0.0972,0.4554
K re-cruce banda tras test,cripto 4h,2910,0.0409,0.5027,0.3454,0.1744,0.5732
K nuevo extremo tras test,cripto 4h,1465,0.0997,0.5372,0.3584,0.4008,0.6302
BASE cada 5 velas (ambos lados),cripto 4h,49872,-0.0013,0.4770,0.3064,0.0000,0.4737
BASE cada 5 velas a favor del regimen,cripto 4h,24936,0.0055,0.4804,0.3150,0.0974,0.5682
ORIG dots (retest),cripto 1d,1065,-0.0376,0.4554,0.2967,-0.2701,0.5420
R0 banda (original),cripto 1d,509,0.1473,0.5481,0.3517,0.7550,0.5481
R1 cruce base (1o),cripto 1d,477,-0.0482,0.4528,0.2935,0.5997,0.4468
R2 giro pendiente (1o),cripto 1d,415,-0.0337,0.4602,0.3157,0.3063,0.4683
R3 base+pendiente,cripto 1d,415,-0.0337,0.4602,0.3157,0.3063,0.4683
R4 flujo cambia signo (1o),cripto 1d,311,0.0000,0.4759,0.3312,0.4967,0.3559
R5 agotamiento z<=-2 + cierre>max[1],cripto 1d,346,0.0231,0.4711,0.2948,0.1572,0.2862
P conf=toque,cripto 1d,1191,-0.0470,0.4475,0.2821,-0.4378,0.5505
P conf=z sube,cripto 1d,982,-0.0061,0.4664,0.2821,-0.3184,0.5729
P conf=cierre>max[1],cripto 1d,695,-0.0317,0.4561,0.2878,-0.3364,0.5854
P conf=cierre>base,cripto 1d,1022,-0.0176,0.4589,0.2818,-0.3206,0.5683
"P conf=cierre>max[1,2]",cripto 1d,522,-0.0153,0.4636,0.3046,-0.3015,0.5901
P conf=z sube +pendiente,cripto 1d,873,0.0160,0.4777,0.2818,-0.3308,0.5845
P conf=z sube +flujo,cripto 1d,586,-0.0017,0.4761,0.2986,-0.1054,0.5505
P conf=cierre>max[1] +pendiente,cripto 1d,629,-0.0254,0.4579,0.2846,-0.3191,0.5950
P toque 0.5 conf=z sube,cripto 1d,1786,0.0134,0.4787,0.3012,0.0860,0.5751
P toque -0.5 conf=z sube,cripto 1d,548,-0.0292,0.4617,0.2901,-0.4208,0.5041
K re-cruce banda tras test,cripto 1d,507,-0.0888,0.4320,0.2742,-0.6262,0.6392
K nuevo extremo tras test,cripto 1d,235,0.0213,0.4936,0.3404,-0.4902,0.6951
BASE cada 5 velas (ambos lados),cripto 1d,8304,-0.0010,0.4676,0.2999,0.0000,0.5207
BASE cada 5 velas a favor del regimen,cripto 1d,4152,-0.0161,0.4600,0.2883,-0.1196,0.6372
ORIG dots (retest),acciones 1d,3188,-0.0047,0.4909,0.3256,0.0343,0.4494
R0 banda (original),acciones 1d,1884,-0.0011,0.4894,0.3370,0.0421,0.5021
R1 cruce base (1o),acciones 1d,1722,-0.0145,0.4849,0.3351,0.0264,0.3892
R2 giro pendiente (1o),acciones 1d,1343,0.0060,0.4937,0.3380,0.1456,0.4116
R3 base+pendiente,acciones 1d,1345,0.0059,0.4937,0.3383,0.1427,0.4116
R4 flujo cambia signo (1o),acciones 1d,739,-0.1015,0.4411,0.3166,0.0025,0.3084
R5 agotamiento z<=-2 + cierre>max[1],acciones 1d,1314,-0.0776,0.4536,0.3105,-0.2927,0.2138
P conf=toque,acciones 1d,3775,-0.0024,0.4922,0.3335,0.0633,0.4550
P conf=z sube,acciones 1d,2764,-0.0213,0.4812,0.3191,-0.0145,0.4903
P conf=cierre>max[1],acciones 1d,1918,-0.0349,0.4739,0.3060,-0.1546,0.5089
P conf=cierre>base,acciones 1d,2966,0.0071,0.4953,0.3341,-0.0026,0.4884
"P conf=cierre>max[1,2]",acciones 1d,1312,-0.0320,0.4756,0.3072,-0.0632,0.5066
P conf=z sube +pendiente,acciones 1d,2425,-0.0219,0.4800,0.3212,0.0052,0.5037
P conf=z sube +flujo,acciones 1d,1764,0.0108,0.4994,0.3350,0.1915,0.4919
P conf=cierre>max[1] +pendiente,acciones 1d,1677,-0.0304,0.4753,0.3137,-0.1024,0.5205
P toque 0.5 conf=z sube,acciones 1d,4766,-0.0237,0.4796,0.3189,-0.1191,0.5210
P toque -0.5 conf=z sube,acciones 1d,1670,-0.0251,0.4784,0.3120,-0.0821,0.4588
K re-cruce banda tras test,acciones 1d,1661,0.0385,0.5105,0.3371,0.1492,0.5896
K nuevo extremo tras test,acciones 1d,919,0.0544,0.5201,0.3602,0.3414,0.6524
BASE cada 5 velas (ambos lados),acciones 1d,25950,-0.0005,0.4919,0.3314,0.0000,0.4969
BASE cada 5 velas a favor del regimen,acciones 1d,12975,0.0213,0.5028,0.3449,0.3770,0.5981
ORIG dots (retest),acciones 1h,2200,0.0191,0.5036,0.3414,0.2355,0.4460
R0 banda (original),acciones 1h,1349,0.0007,0.4937,0.3388,0.0282,0.5223
R1 cruce base (1o),acciones 1h,1079,-0.0130,0.4856,0.3392,-0.1643,0.3972
R2 giro pendiente (1o),acciones 1h,847,0.0248,0.5077,0.3447,-0.1963,0.4244
R3 base+pendiente,acciones 1h,847,0.0248,0.5077,0.3447,-0.1963,0.4244
R4 flujo cambia signo (1o),acciones 1h,576,0.0833,0.5365,0.3785,0.2996,0.3116
R5 agotamiento z<=-2 + cierre>max[1],acciones 1h,960,-0.0104,0.4844,0.3167,-0.1687,0.2031
P conf=toque,acciones 1h,2556,0.0215,0.5051,0.3435,0.3208,0.4631
P conf=z sube,acciones 1h,1988,-0.0005,0.4955,0.3476,0.2661,0.4820
P conf=cierre>max[1],acciones 1h,1379,0.0196,0.5062,0.3582,0.2108,0.4934
P conf=cierre>base,acciones 1h,2081,0.0034,0.4969,0.3450,0.3211,0.4924
"P conf=cierre>max[1,2]",acciones 1h,1041,0.0288,0.5101,0.3554,0.0455,0.4931
P conf=z sube +pendiente,acciones 1h,1717,0.0076,0.4991,0.3430,0.2188,0.5015
P conf=z sube +flujo,acciones 1h,1286,0.0194,0.5054,0.3593,0.4224,0.4844
P conf=cierre>max[1] +pendiente,acciones 1h,1214,0.0124,0.5025,0.3484,0.1317,0.5075
P toque 0.5 conf=z sube,acciones 1h,3353,0.0271,0.5091,0.3510,0.3349,0.5150
P toque -0.5 conf=z sube,acciones 1h,1262,-0.0079,0.4913,0.3502,0.2458,0.4417
K re-cruce banda tras test,acciones 1h,1017,0.0246,0.5034,0.3353,0.5669,0.5902
K nuevo extremo tras test,acciones 1h,578,0.0415,0.5138,0.3391,0.3496,0.6836
BASE cada 5 velas (ambos lados),acciones 1h,19092,-0.0045,0.4937,0.3347,0.0000,0.5021
BASE cada 5 velas a favor del regimen,acciones 1h,9546,0.0013,0.4965,0.3354,0.1144,0.6177
