sig,n,per_1000,edge,tb_sym_win,tb_asym_win,fwd_mean,false,progress_med,remaining_med,mdelay_med,mdist_med,pb_precision,pb_recall,rev_detected,rev_delay_med,rev_progress_med,rev_late_or_missed
ORIG dots (retest),27113,52.8202,0.0135,0.4795,0.3126,0.1607,0.4736,0.4558,7.0888,-1.0000,1.4871,0.1995,0.1810,0.6981,22.0000,0.4054,0.5335
R0 banda (original),12196,23.7597,0.0379,0.4973,0.3291,0.2565,0.2595,0.4896,5.6990,4.0000,3.1388,0.2596,0.0012,0.8800,16.0000,0.4731,0.5227
R1 cruce base (1o),11262,21.9401,-0.0297,0.4560,0.2908,-0.0192,0.4544,0.3885,6.7622,4.0000,2.4246,0.2334,0.0096,0.6171,10.0000,0.3677,0.5488
R2 giro pendiente (1o),9598,18.6984,-0.0173,0.4622,0.2984,-0.0093,0.4156,0.4075,6.5480,5.0000,2.5551,0.2318,0.0037,0.5870,13.0000,0.3902,0.5908
R3 base+pendiente,9602,18.7062,-0.0174,0.4622,0.2982,-0.0089,0.4159,0.4075,6.5480,5.0000,2.5550,0.2317,0.0037,0.5869,13.0000,0.3901,0.5907
R4 flujo cambia signo (1o),5958,11.6071,-0.0106,0.4622,0.2815,-0.0568,0.5567,0.3226,7.3655,3.0000,1.9889,0.1623,0.0181,0.3179,13.0000,0.3085,0.7466
R5 agotamiento z<=-2 + cierre>max[1],8018,15.6203,-0.1195,0.4117,0.2489,-0.3975,0.6825,0.2298,7.8011,1.0000,1.7835,0.0852,0.0132,0.3132,2.0000,0.2173,0.7147
P conf=toque,28888,56.2782,0.0177,0.4814,0.3173,0.2172,0.4510,0.4634,6.8295,-1.0000,1.5422,0.2432,0.1820,0.7009,22.0000,0.4060,0.5335
P conf=z sube,24232,47.2076,0.0120,0.4780,0.3182,0.2432,0.4181,0.4769,6.7084,0.0000,1.6476,0.3066,0.2036,0.6869,23.0000,0.4266,0.5674
P conf=cierre>max[1],17310,33.7225,0.0106,0.4792,0.3219,0.2735,0.3794,0.4931,6.5626,1.0000,1.8326,0.3637,0.1399,0.6339,25.0000,0.4508,0.6320
P conf=cierre>base,25172,49.0389,0.0231,0.4835,0.3218,0.2789,0.4088,0.4800,6.6459,0.0000,1.6873,0.3016,0.1865,0.6938,23.0000,0.4270,0.5640
"P conf=cierre>max[1,2]",13241,25.7955,0.0154,0.4833,0.3267,0.2667,0.3604,0.4979,6.4966,2.0000,1.9803,0.3843,0.0837,0.5856,26.0000,0.4601,0.6699
P conf=z sube +pendiente,21858,42.5827,0.0192,0.4819,0.3216,0.2878,0.3906,0.4868,6.6091,1.0000,1.7571,0.3336,0.1777,0.6758,23.0000,0.4396,0.5886
P conf=z sube +flujo,15928,31.0302,0.0057,0.4769,0.3189,0.3244,0.4124,0.4810,6.7096,0.0000,1.6513,0.3210,0.1423,0.5492,27.0000,0.4400,0.6626
P conf=cierre>max[1] +pendiente,15505,30.2061,0.0190,0.4842,0.3252,0.3125,0.3548,0.5020,6.4514,1.0000,1.9365,0.3814,0.1124,0.6182,26.0000,0.4617,0.6508
P toque 0.5 conf=z sube,43932,85.5862,0.0249,0.4879,0.3252,0.3226,0.3499,0.5090,6.3202,1.0000,1.9889,0.3150,0.2392,0.8382,17.0000,0.4495,0.5133
P toque -0.5 conf=z sube,14306,27.8703,-0.0069,0.4671,0.3124,0.1605,0.4855,0.4481,7.1247,0.0000,1.4398,0.3074,0.1482,0.5217,31.0000,0.4022,0.6508
K re-cruce banda tras test,12614,24.5740,0.0523,0.5077,0.3450,0.4746,0.2674,0.5618,6.0049,3.0000,2.2194,0.4738,0.0307,0.5589,37.0000,0.5181,0.7387
K nuevo extremo tras test,6264,12.2032,0.0618,0.5177,0.3544,0.6015,0.1298,0.6362,4.9554,3.0000,2.9993,0.4486,0.0009,0.4860,45.0000,0.6007,0.8233
BASE cada 5 velas (ambos lados),205376,400.1036,-0.0014,0.4756,0.3055,0.0000,0.4932,0.4569,6.5791,0.0000,1.7644,0.1890,,,,,
BASE cada 5 velas a favor del regimen,102688,200.0518,0.0254,0.4891,0.3219,0.3198,0.3410,0.5538,6.0638,0.0000,1.8503,0.2692,,,,,
