sig,rasgo,q,desde,hasta,edge2_40,edge4_120,fwd40_med,fwd120_med
BASE regimen,pendiente,0,-0.0899,0.0200,-0.0257,-0.0021,0.0000,-0.0500
BASE regimen,pendiente,1,0.0200,0.0524,-0.0014,0.0085,-0.0844,-0.1324
BASE regimen,pendiente,2,0.0524,0.0845,0.0069,0.0177,-0.1398,-0.0653
BASE regimen,pendiente,3,0.0845,0.1304,0.0093,0.0255,-0.1170,-0.0770
BASE regimen,pendiente,4,0.1304,0.5409,0.0412,0.0577,0.0090,0.2661
BASE regimen,aceleracion,0,-0.3317,-0.0454,-0.0073,0.0108,-0.0464,-0.0400
BASE regimen,aceleracion,1,-0.0454,-0.0140,-0.0096,0.0188,-0.0533,0.0007
BASE regimen,aceleracion,2,-0.0140,0.0151,0.0041,0.0221,-0.0696,-0.0032
BASE regimen,aceleracion,3,0.0151,0.0548,0.0135,0.0289,-0.1074,-0.0233
BASE regimen,aceleracion,4,0.0548,0.5549,0.0296,0.0268,-0.0611,-0.0166
BASE regimen,z,0,-1.7266,0.2359,-0.0289,-0.0103,-0.0140,-0.0844
BASE regimen,z,1,0.2360,0.9148,-0.0028,0.0112,-0.0879,-0.0819
BASE regimen,z,2,0.9148,1.5202,0.0080,0.0221,-0.1125,-0.0756
BASE regimen,z,3,1.5202,2.3611,0.0130,0.0317,-0.1163,-0.0346
BASE regimen,z,4,2.3612,10.0232,0.0411,0.0528,-0.0000,0.2130
BASE regimen,dz5,0,-7.0975,-0.9991,-0.0080,0.0145,-0.0155,-0.0341
BASE regimen,dz5,1,-0.9991,-0.3307,-0.0021,0.0152,-0.0801,-0.0441
BASE regimen,dz5,2,-0.3306,0.2655,0.0032,0.0259,-0.0309,0.0669
BASE regimen,dz5,3,0.2656,1.0635,0.0090,0.0221,-0.1075,-0.0509
BASE regimen,dz5,4,1.0637,10.8400,0.0282,0.0297,-0.1049,-0.0097
BASE regimen,flujo,0,-0.9481,-0.0725,-0.0016,-0.0040,-0.1670,-0.2780
BASE regimen,flujo,1,-0.0724,0.0509,-0.0019,0.0106,-0.1153,-0.1323
BASE regimen,flujo,2,0.0509,0.1591,0.0014,0.0085,-0.1361,-0.0830
BASE regimen,flujo,3,0.1591,0.2860,0.0086,0.0380,-0.0000,0.1066
BASE regimen,flujo,4,0.2860,0.9781,0.0239,0.0541,0.0692,0.3697
BASE regimen,flujo_abs,0,0.0000,0.0600,-0.0010,0.0112,-0.1137,-0.1305
BASE regimen,flujo_abs,1,0.0600,0.1250,0.0038,0.0033,-0.1698,-0.1070
BASE regimen,flujo_abs,2,0.1250,0.2017,0.0059,0.0196,-0.0875,-0.0788
BASE regimen,flujo_abs,3,0.2017,0.3066,0.0021,0.0303,-0.0064,0.0512
BASE regimen,flujo_abs,4,0.3067,0.9781,0.0195,0.0429,0.0380,0.2387
BASE regimen,atr_ratio,0,0.2789,0.7971,0.0165,0.0310,0.0005,0.0707
BASE regimen,atr_ratio,1,0.7971,0.9074,-0.0032,0.0082,-0.0928,-0.1677
BASE regimen,atr_ratio,2,0.9075,1.0102,0.0001,0.0141,-0.0687,-0.0290
BASE regimen,atr_ratio,3,1.0102,1.1525,0.0122,0.0175,-0.0420,0.0526
BASE regimen,atr_ratio,4,1.1525,4.2276,0.0048,0.0364,-0.1296,-0.0140
BASE regimen,ancho_banda,0,0.9000,0.9444,-0.0010,0.0112,-0.1137,-0.1305
BASE regimen,ancho_banda,1,0.9444,1.0072,0.0038,0.0033,-0.1698,-0.1070
BASE regimen,ancho_banda,2,1.0072,1.0904,0.0059,0.0196,-0.0875,-0.0788
BASE regimen,ancho_banda,3,1.0904,1.2147,0.0021,0.0303,-0.0064,0.0512
BASE regimen,ancho_banda,4,1.2147,2.1658,0.0195,0.0429,0.0380,0.2387
BASE regimen,cuerpo,0,-3.8874,-0.4073,0.0037,0.0099,-0.0464,-0.0638
BASE regimen,cuerpo,1,-0.4073,-0.1066,0.0053,0.0157,-0.0793,-0.0500
BASE regimen,cuerpo,2,-0.1066,0.1548,0.0027,0.0272,-0.0427,0.0833
BASE regimen,cuerpo,3,0.1548,0.4845,0.0086,0.0227,-0.0303,0.0796
BASE regimen,cuerpo,4,0.4845,6.6053,0.0101,0.0318,-0.1499,-0.1560
BASE regimen,rango,0,0.0000,0.6001,0.0014,0.0261,-0.0274,0.0738
BASE regimen,rango,1,0.6001,0.7651,0.0113,0.0269,0.0132,0.0592
BASE regimen,rango,2,0.7651,0.9530,0.0086,0.0178,-0.0800,0.0166
BASE regimen,rango,3,0.9530,1.2584,0.0002,0.0165,-0.1049,-0.0523
BASE regimen,rango,4,1.2584,9.4226,0.0089,0.0200,-0.1500,-0.1880
BASE regimen,edad_regimen,0,0.0000,8.0000,0.0198,0.0197,0.0000,-0.0508
BASE regimen,edad_regimen,1,8.0000,18.0000,0.0182,0.0186,-0.0334,-0.1169
BASE regimen,edad_regimen,2,18.0000,32.0000,0.0037,0.0210,-0.0884,-0.1190
BASE regimen,edad_regimen,3,32.0000,56.0000,-0.0078,0.0187,-0.0755,-0.0378
BASE regimen,edad_regimen,4,56.0000,396.0000,-0.0035,0.0293,-0.1284,0.2432
R0 banda (original),pendiente,0,-0.0601,0.0315,-0.0005,0.0130,0.0384,-0.0376
R0 banda (original),pendiente,1,0.0315,0.0419,0.0351,0.0405,0.0042,-0.0442
R0 banda (original),pendiente,2,0.0419,0.0502,0.0199,0.0130,-0.0332,-0.0865
R0 banda (original),pendiente,3,0.0502,0.0608,-0.0025,-0.0003,-0.1942,-0.2925
R0 banda (original),pendiente,4,0.0608,0.2392,0.0092,0.0382,-0.1793,-0.0898
R0 banda (original),aceleracion,0,-0.1408,0.0474,0.0145,0.0250,-0.1188,0.0292
R0 banda (original),aceleracion,1,0.0474,0.0699,0.0690,0.0469,0.0709,-0.1440
R0 banda (original),aceleracion,2,0.0699,0.0906,-0.0038,0.0132,0.0000,-0.0981
R0 banda (original),aceleracion,3,0.0906,0.1182,0.0112,0.0400,0.0358,-0.0815
R0 banda (original),aceleracion,4,0.1182,0.4314,-0.0298,-0.0206,-0.2650,-0.2840
R0 banda (original),z,0,0.9002,1.1139,0.0148,0.0239,0.0530,-0.0115
R0 banda (original),z,1,1.1139,1.2660,0.0250,0.0214,0.0000,0.0390
R0 banda (original),z,2,1.2661,1.4538,0.0066,0.0257,-0.0029,-0.1097
R0 banda (original),z,3,1.4539,1.7728,-0.0227,0.0025,-0.1776,-0.2433
R0 banda (original),z,4,1.7728,8.0247,0.0374,0.0308,-0.1738,-0.2428
R0 banda (original),dz5,0,-1.7021,1.1945,0.0166,0.0318,-0.0277,-0.0600
R0 banda (original),dz5,1,1.1946,1.7222,0.0354,0.0216,-0.0994,-0.1285
R0 banda (original),dz5,2,1.7222,2.2252,0.0130,0.0346,0.0374,0.0276
R0 banda (original),dz5,3,2.2252,2.8711,0.0125,0.0272,-0.0000,-0.0269
R0 banda (original),dz5,4,2.8714,9.7378,-0.0163,-0.0109,-0.2327,-0.4101
R0 banda (original),flujo,0,-0.9537,-0.1326,-0.0013,-0.0089,-0.1827,-0.4720
R0 banda (original),flujo,1,-0.1325,-0.0312,0.0224,0.0115,-0.0000,-0.2143
R0 banda (original),flujo,2,-0.0311,0.0534,0.0122,0.0056,-0.1322,-0.0460
R0 banda (original),flujo,3,0.0535,0.1624,0.0084,0.0303,-0.0600,-0.0120
R0 banda (original),flujo,4,0.1624,0.9493,0.0194,0.0660,0.0783,0.1409
R0 banda (original),flujo_abs,0,0.0000,0.0425,0.0102,-0.0036,-0.1880,-0.1646
R0 banda (original),flujo_abs,1,0.0425,0.0887,0.0061,0.0204,0.0055,-0.1531
R0 banda (original),flujo_abs,2,0.0887,0.1468,0.0311,0.0311,0.0100,0.0476
R0 banda (original),flujo_abs,3,0.1468,0.2272,0.0076,0.0341,0.0269,-0.1972
R0 banda (original),flujo_abs,4,0.2272,0.9537,0.0061,0.0224,-0.1956,-0.1268
R0 banda (original),atr_ratio,0,0.3363,0.8019,0.0143,0.0104,-0.2686,-0.2673
R0 banda (original),atr_ratio,1,0.8019,0.9119,0.0194,0.0443,0.0305,0.0397
R0 banda (original),atr_ratio,2,0.9120,1.0104,0.0329,0.0301,0.0526,-0.2792
R0 banda (original),atr_ratio,3,1.0105,1.1367,0.0326,0.0438,0.0589,0.0138
R0 banda (original),atr_ratio,4,1.1368,3.2992,-0.0379,-0.0242,-0.2088,-0.1347
R0 banda (original),ancho_banda,0,0.9000,0.9293,0.0102,-0.0036,-0.1880,-0.1646
R0 banda (original),ancho_banda,1,0.9293,0.9711,0.0061,0.0204,0.0055,-0.1531
R0 banda (original),ancho_banda,2,0.9711,1.0300,0.0311,0.0311,0.0100,0.0476
R0 banda (original),ancho_banda,3,1.0300,1.1196,0.0076,0.0341,0.0269,-0.1972
R0 banda (original),ancho_banda,4,1.1196,2.1281,0.0061,0.0224,-0.1956,-0.1268
R0 banda (original),cuerpo,0,-2.3865,0.5014,0.0191,0.0104,0.0389,0.0781
R0 banda (original),cuerpo,1,0.5014,0.7906,0.0084,0.0216,-0.0682,-0.1623
R0 banda (original),cuerpo,2,0.7906,1.1027,-0.0043,0.0160,-0.0617,-0.2330
R0 banda (original),cuerpo,3,1.1028,1.5877,0.0023,0.0349,-0.1036,-0.0666
R0 banda (original),cuerpo,4,1.5879,8.1912,0.0357,0.0214,-0.1262,-0.2342
R0 banda (original),rango,0,0.0000,0.9290,0.0336,0.0303,0.1173,0.2751
R0 banda (original),rango,1,0.9290,1.2388,0.0222,0.0278,-0.0424,-0.1451
R0 banda (original),rango,2,1.2388,1.5955,-0.0242,0.0168,-0.1021,-0.3362
R0 banda (original),rango,3,1.5959,2.1363,-0.0048,0.0031,-0.1635,-0.2635
R0 banda (original),rango,4,2.1365,12.1748,0.0344,0.0265,-0.1388,-0.0973
R0 banda (original),edad_regimen,0,0.0000,0.0000,0.0020,0.0064,-0.2525,-0.2601
R0 banda (original),edad_regimen,1,0.0000,0.0000,0.0339,0.0285,-0.0976,-0.1252
R0 banda (original),edad_regimen,2,0.0000,0.0000,0.0003,0.0160,-0.0299,-0.1295
R0 banda (original),edad_regimen,3,0.0000,0.0000,0.0216,0.0344,-0.0000,0.0000
R0 banda (original),edad_regimen,4,0.0000,0.0000,0.0033,0.0191,0.0814,-0.0000
