cfg,group,trades,win,pf_atr,exp_atr,exp_R,exp_pct,avg_win_pct,avg_loss_pct,bars,ret_med,dd_med,pct_sets_pos
E1 | X0 cambio de regimen (SAR),cripto 1h,6610,0.3020,0.9780,-0.0409,0.0000,-0.1883,4.6996,-2.3029,41.3375,-0.7881,-0.8574,0.0833
E1 | X0 cambio de regimen (SAR),cripto 4h,1848,0.3458,1.3205,0.4975,0.0000,0.4193,9.5167,-4.3890,43.2262,0.3127,-0.6919,0.6667
E1 | X0 cambio de regimen (SAR),cripto 1d,348,0.3736,2.2041,1.7109,0.0000,5.4581,33.9911,-11.5570,43.2931,0.2469,-0.7384,0.5833
E1 | X0 cambio de regimen (SAR),acciones 1d,692,0.3309,1.2637,0.4236,0.0000,1.1435,11.6944,-4.0750,36.1358,0.0826,-0.4156,0.5909
E1 | X0 cambio de regimen (SAR),acciones 1h,481,0.3264,1.0737,0.1308,0.0000,0.2242,4.1736,-1.6895,38.2100,-0.0061,-0.2197,0.5000
E1 | X1 stop que sigue a la banda contraria,cripto 1h,6610,0.2829,0.9594,-0.0597,-0.0196,-0.1298,4.0973,-1.7974,28.4971,-0.6746,-0.8091,0.0833
E1 | X1 stop que sigue a la banda contraria,cripto 4h,1848,0.3220,1.2788,0.3569,0.1285,0.2493,8.1324,-3.4940,29.8485,0.3040,-0.5417,0.5833
E1 | X1 stop que sigue a la banda contraria,cripto 1d,348,0.3851,2.3797,1.5361,0.5502,5.5132,28.9899,-9.1871,32.0891,0.8666,-0.6232,0.8333
E1 | X1 stop que sigue a la banda contraria,acciones 1d,692,0.3165,1.3045,0.4140,0.1662,0.9947,10.5071,-3.4095,27.6460,0.0635,-0.3776,0.5000
E1 | X1 stop que sigue a la banda contraria,acciones 1h,481,0.2994,0.8353,-0.2544,-0.0894,-0.0171,3.2027,-1.3929,25.4511,-0.0570,-0.2216,0.4000
E1 | X2 cierre cruza la base,cripto 1h,6610,0.2687,0.8817,-0.1468,0.0000,-0.1598,3.3861,-1.4626,18.9911,-0.7243,-0.8112,0.0833
E1 | X2 cierre cruza la base,cripto 4h,1848,0.3128,1.1662,0.1743,0.0000,0.0452,6.3567,-2.8272,19.6483,-0.1471,-0.5676,0.5000
E1 | X2 cierre cruza la base,cripto 1d,348,0.3707,2.3261,1.1889,0.0000,4.4364,24.0072,-7.0917,22.4741,1.2490,-0.4686,0.7500
E1 | X2 cierre cruza la base,acciones 1d,692,0.3136,1.2263,0.2404,0.0000,0.6371,7.8013,-2.6358,18.0607,0.0057,-0.2915,0.5000
E1 | X2 cierre cruza la base,acciones 1h,481,0.2807,0.9549,-0.0575,0.0000,0.1812,3.4331,-1.0876,19.4886,0.0139,-0.1828,0.6000
E1 | X3 pendiente gira,cripto 1h,6610,0.2832,0.9329,-0.0944,0.0000,-0.1201,3.8511,-1.6891,24.3337,-0.6309,-0.7920,0.0833
E1 | X3 pendiente gira,cripto 4h,1848,0.3225,1.3156,0.3727,0.0000,0.3388,7.8137,-3.2196,25.3820,0.3521,-0.5590,0.5833
E1 | X3 pendiente gira,cripto 1d,348,0.3736,2.3853,1.4379,0.0000,5.1717,27.8178,-8.3329,26.8851,0.8541,-0.5529,0.8333
E1 | X3 pendiente gira,acciones 1d,692,0.3251,1.1841,0.2285,0.0000,0.6709,8.5081,-3.1051,22.7399,0.0528,-0.3380,0.5000
E1 | X3 pendiente gira,acciones 1h,481,0.2786,0.9394,-0.0883,0.0000,0.1068,3.6517,-1.2621,23.9813,0.0037,-0.1632,0.5000
E1 | X4 chandelier 2 ATR,cripto 1h,6610,0.3293,0.8068,-0.1666,0.0000,-0.1584,1.8251,-1.1325,7.7688,-0.5947,-0.6580,0.0000
E1 | X4 chandelier 2 ATR,cripto 4h,1848,0.3810,1.1031,0.0750,0.0000,0.1081,3.8522,-2.1960,8.1006,0.0007,-0.3678,0.5000
E1 | X4 chandelier 2 ATR,cripto 1d,348,0.4109,1.6660,0.4156,0.0000,1.5326,11.4629,-5.3944,8.3563,0.1790,-0.3234,0.6667
E1 | X4 chandelier 2 ATR,acciones 1d,692,0.3613,1.0524,0.0412,0.0000,0.1062,4.0003,-2.0963,8.2876,-0.0108,-0.1913,0.4545
E1 | X4 chandelier 2 ATR,acciones 1h,481,0.3784,0.9365,-0.0554,0.0000,0.1019,1.7177,-0.8817,7.9938,-0.0297,-0.1127,0.3000
E1 | X5 chandelier 3 ATR,cripto 1h,6610,0.3298,0.9205,-0.0955,0.0000,-0.1174,2.8696,-1.5872,16.6787,-0.3537,-0.6963,0.0000
E1 | X5 chandelier 3 ATR,cripto 4h,1848,0.3793,1.1472,0.1509,0.0000,0.1555,5.4327,-3.0697,16.6299,0.0915,-0.4759,0.5833
E1 | X5 chandelier 3 ATR,cripto 1d,348,0.4684,1.8404,0.7162,0.0000,2.6673,15.0805,-8.2698,18.2615,0.3040,-0.4285,0.7500
E1 | X5 chandelier 3 ATR,acciones 1d,692,0.3728,1.2369,0.2687,0.0000,0.7317,7.0863,-3.0458,16.4971,0.0518,-0.2502,0.5909
E1 | X5 chandelier 3 ATR,acciones 1h,481,0.3784,0.9243,-0.0892,0.0000,0.1246,2.2839,-1.1898,14.2827,-0.0723,-0.1504,0.4000
E1 | X6 chandelier 4 ATR,cripto 1h,6610,0.3337,0.9681,-0.0478,0.0000,-0.1178,3.6223,-1.9912,26.6749,-0.6138,-0.8189,0.0000
E1 | X6 chandelier 4 ATR,cripto 4h,1848,0.3712,1.2312,0.3013,0.0000,0.2151,7.1334,-3.8692,27.1190,-0.1028,-0.5653,0.5000
E1 | X6 chandelier 4 ATR,cripto 1d,348,0.4253,2.2501,1.3974,0.0000,5.0737,25.4305,-9.9904,29.2184,1.0224,-0.5565,0.8333
E1 | X6 chandelier 4 ATR,acciones 1d,692,0.3699,1.3282,0.4523,0.0000,1.2112,9.5509,-3.6854,25.9928,-0.0185,-0.3169,0.4091
E1 | X6 chandelier 4 ATR,acciones 1h,481,0.3555,0.8628,-0.2077,0.0000,0.0181,2.7015,-1.4621,22.4324,-0.0348,-0.1856,0.5000
E1 | X7 stop en base -0.5 ATR,cripto 1h,6610,0.2693,0.9378,-0.0734,0.0000,-0.0980,3.4604,-1.4094,19.1254,-0.5081,-0.6940,0.1667
E1 | X7 stop en base -0.5 ATR,cripto 4h,1848,0.3030,1.2210,0.2264,0.0000,0.1277,6.7060,-2.7324,19.7478,-0.0625,-0.5411,0.5000
E1 | X7 stop en base -0.5 ATR,cripto 1d,348,0.3822,2.8287,1.5645,0.0000,5.8513,26.7583,-7.0818,23.4282,1.0756,-0.4854,0.9167
E1 | X7 stop en base -0.5 ATR,acciones 1d,692,0.2977,1.3104,0.3303,0.0000,0.8219,8.8704,-2.5896,19.0361,0.0174,-0.2970,0.5455
E1 | X7 stop en base -0.5 ATR,acciones 1h,481,0.2786,0.8083,-0.2403,0.0000,-0.0173,2.7212,-1.0748,17.7443,-0.0877,-0.1809,0.4000
E1 | X8 stop inicial 2 ATR,cripto 1h,6610,0.2492,0.9581,-0.0631,-0.0330,-0.1606,4.6842,-1.7684,31.9740,-0.7709,-0.8304,0.0833
E1 | X8 stop inicial 2 ATR,cripto 4h,1848,0.2911,1.2607,0.3435,0.1680,0.2134,9.1478,-3.4558,34.1921,0.0945,-0.5854,0.6667
E1 | X8 stop inicial 2 ATR,cripto 1d,348,0.3391,2.4862,1.7296,0.8596,5.8023,34.7493,-9.0487,37.1178,0.3220,-0.6475,0.8333
E1 | X8 stop inicial 2 ATR,acciones 1d,692,0.2832,1.3240,0.4379,0.2255,1.0308,11.8851,-3.2584,29.8555,0.0660,-0.3310,0.5909
E1 | X8 stop inicial 2 ATR,acciones 1h,481,0.2557,0.9546,-0.0717,-0.0480,0.1724,4.5947,-1.3470,28.5821,-0.0134,-0.1976,0.5000
E1 | X9 stop estructura + chandelier 3,cripto 1h,6610,0.3290,0.9196,-0.0963,-0.0308,-0.1180,2.8680,-1.5824,16.5572,-0.3784,-0.6898,0.0000
E1 | X9 stop estructura + chandelier 3,cripto 4h,1848,0.3772,1.1329,0.1361,0.0327,0.1408,5.4109,-3.0505,16.4876,0.0587,-0.4999,0.5833
E1 | X9 stop estructura + chandelier 3,cripto 1d,348,0.4684,1.8417,0.7168,0.2286,2.6704,15.0805,-8.2640,18.2557,0.3040,-0.4285,0.7500
E1 | X9 stop estructura + chandelier 3,acciones 1d,692,0.3728,1.2427,0.2740,0.0730,0.7391,7.0863,-3.0341,16.4408,0.0631,-0.2498,0.5909
E1 | X9 stop estructura + chandelier 3,acciones 1h,481,0.3763,0.9062,-0.1098,-0.0379,0.1210,2.2720,-1.1768,14.1476,-0.0713,-0.1503,0.4000
E1 | X10 parcial 50% a 2 ATR + BE + chand 3,cripto 1h,6610,0.4688,0.8683,-0.1356,-0.0663,-0.1277,1.6949,-1.7364,14.5118,-0.5212,-0.6273,0.0000
E1 | X10 parcial 50% a 2 ATR + BE + chand 3,cripto 4h,1848,0.4881,1.0711,0.0648,0.0320,0.0935,3.6990,-3.3442,14.6456,0.0386,-0.3989,0.5000
E1 | X10 parcial 50% a 2 ATR + BE + chand 3,cripto 1d,348,0.5690,1.7469,0.5543,0.2758,2.2595,10.7584,-8.9591,16.5345,0.3302,-0.3649,0.9167
E1 | X10 parcial 50% a 2 ATR + BE + chand 3,acciones 1d,692,0.4711,1.0837,0.0794,0.0398,0.3201,4.1163,-3.0613,13.7991,0.0065,-0.2025,0.5000
E1 | X10 parcial 50% a 2 ATR + BE + chand 3,acciones 1h,481,0.4844,0.9752,-0.0252,-0.0285,0.1425,1.6087,-1.2350,12.8732,0.0025,-0.1109,0.5000
E1 | X11 tiempo 40 velas,cripto 1h,6610,0.3607,0.9278,-0.1266,0.0000,-0.1465,3.7932,-2.3689,27.0644,-0.6964,-0.7794,0.0833
E1 | X11 tiempo 40 velas,cripto 4h,1848,0.3966,1.3103,0.4545,0.0000,0.6455,8.4529,-4.4871,28.0168,0.5987,-0.5305,0.5833
E1 | X11 tiempo 40 velas,cripto 1d,348,0.4195,2.0574,1.4048,0.0000,5.1175,28.1652,-11.5407,28.9454,0.8048,-0.5694,0.9167
E1 | X11 tiempo 40 velas,acciones 1d,692,0.3656,1.2293,0.3536,0.0000,0.6241,8.8949,-4.1424,24.7746,-0.0066,-0.3085,0.5000
E1 | X11 tiempo 40 velas,acciones 1h,481,0.3971,1.1042,0.1740,0.0000,0.2957,3.4252,-1.7654,25.9563,0.0492,-0.1816,0.7000
E3 | X0 cambio de regimen (SAR),cripto 1h,7949,0.3044,1.0203,0.0373,0.0000,-0.1272,4.8581,-2.3092,41.9688,-0.7733,-0.8796,0.0000
E3 | X0 cambio de regimen (SAR),cripto 4h,2130,0.3469,1.3021,0.4663,0.0000,0.3865,9.4058,-4.4051,43.4305,0.0947,-0.7017,0.5000
E3 | X0 cambio de regimen (SAR),cripto 1d,390,0.3538,2.0452,1.4849,0.0000,4.3348,33.0976,-11.4163,42.6128,0.1453,-0.7447,0.6667
E3 | X0 cambio de regimen (SAR),acciones 1d,896,0.3504,1.3282,0.5136,0.0000,1.1529,11.0204,-4.1709,37.2645,0.1852,-0.4563,0.6364
E3 | X0 cambio de regimen (SAR),acciones 1h,623,0.3210,1.0680,0.1219,0.0000,0.2288,4.2843,-1.6887,37.7127,0.0576,-0.2148,0.6000
E3 | X1 stop que sigue a la banda contraria,cripto 1h,9245,0.2843,0.9895,-0.0153,-0.0033,-0.1173,4.1128,-1.7973,28.7036,-0.6998,-0.8636,0.0833
E3 | X1 stop que sigue a la banda contraria,cripto 4h,2488,0.3280,1.2929,0.3725,0.1329,0.3159,8.1321,-3.4986,30.1234,0.1880,-0.5840,0.5833
E3 | X1 stop que sigue a la banda contraria,cripto 1d,435,0.3632,2.1443,1.2803,0.4544,4.1231,27.2242,-9.0536,31.3011,0.6802,-0.6645,0.9167
E3 | X1 stop que sigue a la banda contraria,acciones 1d,992,0.3397,1.4164,0.5406,0.2024,1.1172,9.9554,-3.4300,28.7772,0.2613,-0.3820,0.6818
E3 | X1 stop que sigue a la banda contraria,acciones 1h,719,0.3185,1.0297,0.0439,0.0188,0.1389,3.4054,-1.3877,26.3825,-0.0365,-0.2089,0.4000
E3 | X2 cierre cruza la base,cripto 1h,11321,0.2713,0.9195,-0.0986,0.0000,-0.1368,3.3856,-1.4480,18.7930,-0.8008,-0.8852,0.0000
E3 | X2 cierre cruza la base,cripto 4h,3028,0.3243,1.3439,0.3511,0.0000,0.3617,6.8898,-2.7715,20.4947,0.4282,-0.5650,0.6667
E3 | X2 cierre cruza la base,cripto 1d,539,0.3451,2.1247,1.0104,0.0000,3.5038,23.3148,-6.9349,21.1429,0.8986,-0.5858,0.9167
E3 | X2 cierre cruza la base,acciones 1d,1211,0.3287,1.3430,0.3474,0.0000,0.7903,7.6715,-2.5784,19.0033,0.1911,-0.3419,0.7273
E3 | X2 cierre cruza la base,acciones 1h,817,0.2938,1.0074,0.0094,0.0000,0.1384,3.1940,-1.1325,20.2497,-0.0455,-0.2116,0.4000
E3 | X3 pendiente gira,cripto 1h,10208,0.2859,0.9548,-0.0629,0.0000,-0.1147,3.7898,-1.6776,24.1517,-0.7376,-0.8672,0.0000
E3 | X3 pendiente gira,cripto 4h,2738,0.3283,1.3619,0.4220,0.0000,0.4290,7.8394,-3.1937,25.6651,0.1540,-0.5852,0.6667
E3 | X3 pendiente gira,cripto 1d,497,0.3340,2.0740,1.1206,0.0000,3.5982,26.7521,-8.0138,25.5050,0.5816,-0.6590,0.7500
E3 | X3 pendiente gira,acciones 1d,1081,0.3340,1.3665,0.4461,0.0000,0.9630,9.1482,-3.1410,24.7169,0.2789,-0.3809,0.7727
E3 | X3 pendiente gira,acciones 1h,754,0.3050,1.0336,0.0480,0.0000,0.1484,3.4451,-1.2987,25.0053,-0.0407,-0.2246,0.4000
E3 | X4 chandelier 2 ATR,cripto 1h,12564,0.3294,0.8304,-0.1456,0.0000,-0.1430,1.8444,-1.1190,7.5747,-0.7945,-0.8372,0.0000
E3 | X4 chandelier 2 ATR,cripto 4h,3436,0.3839,1.1599,0.1158,0.0000,0.1705,3.9615,-2.1914,7.9470,0.3131,-0.4870,0.5833
E3 | X4 chandelier 2 ATR,cripto 1d,615,0.4049,1.5494,0.3509,0.0000,1.1131,11.1079,-5.6866,8.2407,0.5091,-0.4482,0.7500
E3 | X4 chandelier 2 ATR,acciones 1d,1317,0.3812,1.1504,0.1136,0.0000,0.1939,3.9593,-2.1254,8.4450,0.0220,-0.2369,0.6364
E3 | X4 chandelier 2 ATR,acciones 1h,927,0.3711,0.9743,-0.0227,0.0000,0.0580,1.6721,-0.8944,8.0604,0.0055,-0.1107,0.5000
E3 | X5 chandelier 3 ATR,cripto 1h,10896,0.3341,0.9313,-0.0818,0.0000,-0.1185,2.8104,-1.5878,16.3429,-0.7689,-0.8711,0.0000
E3 | X5 chandelier 3 ATR,cripto 4h,2968,0.3902,1.2398,0.2440,0.0000,0.3059,5.6582,-3.1183,16.7419,0.5657,-0.5314,0.7500
E3 | X5 chandelier 3 ATR,cripto 1d,535,0.4206,1.4137,0.3830,0.0000,0.9198,13.9724,-8.5538,17.0785,0.0473,-0.6025,0.5833
E3 | X5 chandelier 3 ATR,acciones 1d,1158,0.3869,1.3064,0.3323,0.0000,0.7271,6.7392,-3.0665,17.1131,0.1298,-0.2890,0.7727
E3 | X5 chandelier 3 ATR,acciones 1h,844,0.3851,1.1049,0.1215,0.0000,0.1639,2.3335,-1.1947,15.0213,0.0494,-0.1589,0.7000
E3 | X6 chandelier 4 ATR,cripto 1h,9321,0.3338,0.9773,-0.0337,0.0000,-0.1137,3.6181,-1.9832,26.4495,-0.7361,-0.8368,0.0000
E3 | X6 chandelier 4 ATR,cripto 4h,2518,0.3781,1.2966,0.3869,0.0000,0.3302,7.3806,-3.9558,27.1279,0.3138,-0.5708,0.5833
E3 | X6 chandelier 4 ATR,cripto 1d,464,0.3987,1.8626,0.9881,0.0000,3.3036,23.3896,-10.0152,28.0366,0.2052,-0.6447,0.7500
E3 | X6 chandelier 4 ATR,acciones 1d,986,0.3874,1.4218,0.5623,0.0000,1.1830,9.0158,-3.7709,26.8174,0.2508,-0.3487,0.6364
E3 | X6 chandelier 4 ATR,acciones 1h,747,0.3762,1.0464,0.0668,0.0000,0.1518,2.8422,-1.4706,22.7296,0.0054,-0.1689,0.5000
E3 | X7 stop en base -0.5 ATR,cripto 1h,11046,0.2682,0.9514,-0.0574,0.0000,-0.1045,3.4442,-1.4047,18.9896,-0.7345,-0.8519,0.0000
E3 | X7 stop en base -0.5 ATR,cripto 4h,2988,0.3166,1.3508,0.3525,0.0000,0.3853,7.0617,-2.7076,20.3671,0.5010,-0.5111,0.5833
E3 | X7 stop en base -0.5 ATR,cripto 1d,529,0.3384,2.2053,1.0750,0.0000,3.6020,24.3034,-6.9852,21.5425,0.8217,-0.6409,0.8333
E3 | X7 stop en base -0.5 ATR,acciones 1d,1164,0.3058,1.4388,0.4569,0.0000,0.9372,9.0180,-2.6231,20.0533,0.2948,-0.3298,0.7273
E3 | X7 stop en base -0.5 ATR,acciones 1h,825,0.3006,0.9975,-0.0030,0.0000,0.0920,2.8544,-1.0952,18.8679,-0.0432,-0.1975,0.3000
E3 | X8 stop inicial 2 ATR,cripto 1h,8968,0.2493,1.0143,0.0215,0.0075,-0.1218,4.8518,-1.7737,32.2635,-0.7564,-0.8817,0.0000
E3 | X8 stop inicial 2 ATR,cripto 4h,2410,0.2967,1.3239,0.4215,0.2068,0.3747,9.3839,-3.4256,34.6432,0.3224,-0.6354,0.5833
E3 | X8 stop inicial 2 ATR,cripto 1d,425,0.3129,2.1663,1.4003,0.6956,4.1889,33.5491,-9.1841,35.9859,0.1277,-0.7200,0.6667
E3 | X8 stop inicial 2 ATR,acciones 1d,976,0.3023,1.3998,0.5239,0.2584,1.1193,11.2512,-3.2698,30.7664,0.1577,-0.3979,0.6364
E3 | X8 stop inicial 2 ATR,acciones 1h,702,0.2621,1.0178,0.0276,-0.0072,0.1678,4.4266,-1.3450,29.0969,0.0110,-0.2282,0.5000
E3 | X9 stop estructura + chandelier 3,cripto 1h,10952,0.3308,0.9272,-0.0862,-0.0304,-0.1221,2.8096,-1.5714,16.0709,-0.7675,-0.8677,0.0000
E3 | X9 stop estructura + chandelier 3,cripto 4h,2986,0.3871,1.2413,0.2429,0.0712,0.3104,5.6537,-3.0650,16.5121,0.5526,-0.5104,0.7500
E3 | X9 stop estructura + chandelier 3,cripto 1d,536,0.4216,1.4322,0.3943,0.1121,0.9896,13.9170,-8.4349,16.9832,0.0626,-0.6037,0.6667
E3 | X9 stop estructura + chandelier 3,acciones 1d,1166,0.3799,1.2969,0.3192,0.1011,0.7125,6.7754,-3.0024,16.7830,0.1475,-0.2900,0.7273
E3 | X9 stop estructura + chandelier 3,acciones 1h,847,0.3825,1.0991,0.1131,0.0317,0.1665,2.3239,-1.1699,14.8796,0.0436,-0.1552,0.7000
E3 | X10 parcial 50% a 2 ATR + BE + chand 3,cripto 1h,11306,0.4715,0.8742,-0.1290,-0.0629,-0.1235,1.6838,-1.7360,14.0994,-0.7291,-0.8052,0.0000
E3 | X10 parcial 50% a 2 ATR + BE + chand 3,cripto 4h,3094,0.4974,1.1601,0.1433,0.0708,0.2123,3.8135,-3.3519,14.8361,0.2533,-0.4464,0.6667
E3 | X10 parcial 50% a 2 ATR + BE + chand 3,cripto 1d,548,0.5146,1.3573,0.2945,0.1464,0.8907,10.3754,-9.1644,15.4799,0.0850,-0.5149,0.5833
E3 | X10 parcial 50% a 2 ATR + BE + chand 3,acciones 1d,1213,0.4831,1.1664,0.1513,0.0690,0.3541,4.0235,-3.0754,14.4023,0.0951,-0.2654,0.6818
E3 | X10 parcial 50% a 2 ATR + BE + chand 3,acciones 1h,870,0.4793,1.0584,0.0587,0.0202,0.1232,1.5930,-1.2299,13.0736,0.0006,-0.1303,0.5000
E3 | X11 tiempo 40 velas,cripto 1h,9187,0.3586,0.9508,-0.0853,0.0000,-0.1327,3.8273,-2.3462,27.3301,-0.7251,-0.8567,0.0000
E3 | X11 tiempo 40 velas,cripto 4h,2476,0.3861,1.2459,0.3658,0.0000,0.4283,8.3119,-4.5300,27.9313,-0.2173,-0.6321,0.4167
E3 | X11 tiempo 40 velas,cripto 1d,449,0.3920,1.7018,0.9755,0.0000,2.9038,25.9534,-11.9560,28.3073,0.3116,-0.6981,0.8333
E3 | X11 tiempo 40 velas,acciones 1d,977,0.3869,1.3031,0.4574,0.0000,0.7085,8.6354,-4.2938,25.2917,0.1489,-0.3555,0.6364
E3 | X11 tiempo 40 velas,acciones 1h,700,0.3843,1.0757,0.1294,0.0000,0.2237,3.4286,-1.7765,25.5343,0.1023,-0.2081,0.8000
