sig,group,edge,progress_med,false
ORIGINAL Buy/Sell,cripto 1h,0.0359,0.4906,0.2721
ORIGINAL dots,cripto 1h,0.0139,0.4609,0.4653
NUEVA entrada: ruptura en compresion (banda 1.2),cripto 1h,0.0678,0.4824,0.2711
NUEVA descartada: ruptura en expansion (banda 1.2),cripto 1h,-0.0192,0.5299,0.1943
NUEVA continuacion en compresion (banda 1.2),cripto 1h,0.0617,0.5807,0.2495
NUEVA entrada: ruptura en compresion (banda 1.5),cripto 1h,0.0856,0.5056,0.2301
NUEVA descartada: ruptura en expansion (banda 1.5),cripto 1h,0.0072,0.5524,0.1566
NUEVA continuacion en compresion (banda 1.5),cripto 1h,0.0936,0.6112,0.2061
BASE cada 5 velas (ambos lados),cripto 1h,-0.0020,0.4508,0.4951
BASE cada 5 velas a favor del regimen,cripto 1h,0.0176,0.5446,0.3549
ORIGINAL Buy/Sell,cripto 4h,0.0508,0.4744,0.2763
ORIGINAL dots,cripto 4h,-0.0005,0.4444,0.4781
NUEVA entrada: ruptura en compresion (banda 1.2),cripto 4h,0.0794,0.4645,0.2639
NUEVA descartada: ruptura en expansion (banda 1.2),cripto 4h,-0.0134,0.5327,0.2447
NUEVA continuacion en compresion (banda 1.2),cripto 4h,0.1085,0.5888,0.2412
NUEVA entrada: ruptura en compresion (banda 1.5),cripto 4h,0.1245,0.4915,0.2158
NUEVA descartada: ruptura en expansion (banda 1.5),cripto 4h,-0.0216,0.5678,0.2230
NUEVA continuacion en compresion (banda 1.5),cripto 4h,0.1392,0.6193,0.2165
BASE cada 5 velas (ambos lados),cripto 4h,-0.0009,0.4385,0.4955
BASE cada 5 velas a favor del regimen,cripto 4h,0.0221,0.5441,0.3522
ORIGINAL Buy/Sell,cripto 1d,0.1782,0.4393,0.2126
ORIGINAL dots,cripto 1d,0.0300,0.3922,0.4585
NUEVA entrada: ruptura en compresion (banda 1.2),cripto 1d,0.1978,0.3872,0.1758
NUEVA descartada: ruptura en expansion (banda 1.2),cripto 1d,0.1562,0.5181,0.1562
NUEVA continuacion en compresion (banda 1.2),cripto 1d,0.2300,0.5079,0.2100
NUEVA entrada: ruptura en compresion (banda 1.5),cripto 1d,0.1176,0.4266,0.1529
NUEVA descartada: ruptura en expansion (banda 1.5),cripto 1d,0.2245,0.5259,0.1224
NUEVA continuacion en compresion (banda 1.5),cripto 1d,0.2429,0.5835,0.1286
BASE cada 5 velas (ambos lados),cripto 1d,-0.0005,0.4121,0.4942
BASE cada 5 velas a favor del regimen,cripto 1d,0.0853,0.5147,0.3049
ORIGINAL Buy/Sell,acciones 1d,0.0270,0.5004,0.2208
ORIGINAL dots,acciones 1d,0.0219,0.4526,0.4996
NUEVA entrada: ruptura en compresion (banda 1.2),acciones 1d,0.0656,0.4779,0.2180
NUEVA descartada: ruptura en expansion (banda 1.2),acciones 1d,0.0255,0.5242,0.1779
NUEVA continuacion en compresion (banda 1.2),acciones 1d,0.0647,0.5777,0.2026
NUEVA entrada: ruptura en compresion (banda 1.5),acciones 1d,0.0753,0.5008,0.1607
NUEVA descartada: ruptura en expansion (banda 1.5),acciones 1d,0.0129,0.5554,0.1479
NUEVA continuacion en compresion (banda 1.5),acciones 1d,0.0854,0.6069,0.1562
BASE cada 5 velas (ambos lados),acciones 1d,-0.0002,0.4950,0.4853
BASE cada 5 velas a favor del regimen,acciones 1d,0.0472,0.5887,0.2922
