sig,n,per_1000,edge,tb_asym_win,false,delay_med,progress_med,remaining_med,mdelay_med,mdist_med,rev_detected,rev_delay_med,rev_progress_med,rev_late_or_missed
ORIGINAL Buy/Sell,12196,23.7597,0.0379,0.3291,0.2595,22.0000,0.4896,5.6990,4.0000,3.1388,0.8800,16.0000,0.4731,0.5227
ORIGINAL dots,27113,52.8202,0.0135,0.3126,0.4736,51.0000,0.4558,7.0888,-1.0000,1.4871,0.6981,22.0000,0.4054,0.5335
NUEVA entrada: ruptura en compresion (banda 1.2),6461,12.5870,0.0710,0.3626,0.2586,32.0000,0.4775,6.5452,4.0000,3.1800,0.5237,23.0000,0.4692,0.7116
NUEVA descartada: ruptura en expansion (banda 1.2),4237,8.2543,-0.0009,0.2759,0.1945,16.0000,0.5276,4.3002,4.0000,3.3939,0.4317,15.0000,0.5259,0.8032
NUEVA continuacion en compresion (banda 1.2),6907,13.4559,0.0714,0.3693,0.2398,68.0000,0.5807,6.4998,3.0000,2.3578,0.3940,49.0000,0.5455,0.8316
NUEVA entrada: ruptura en compresion (banda 1.5),5138,10.0096,0.0903,0.3636,0.2133,33.0000,0.5019,6.1816,3.0000,3.2500,0.4822,28.0000,0.4969,0.7566
NUEVA descartada: ruptura en expansion (banda 1.5),3442,6.7055,0.0087,0.2818,0.1612,18.0000,0.5536,4.0855,4.0000,3.5703,0.3781,17.0000,0.5536,0.8428
NUEVA continuacion en compresion (banda 1.5),5361,10.4440,0.1005,0.3854,0.1970,74.0000,0.6105,6.2571,3.0000,2.6815,0.3596,57.0000,0.5792,0.8633
BASE cada 5 velas (ambos lados),205376,400.1036,-0.0014,0.3055,0.4932,45.0000,0.4569,6.5791,0.0000,1.7644,,,,
BASE cada 5 velas a favor del regimen,102688,200.0518,0.0254,0.3219,0.3410,58.0000,0.5538,6.0638,0.0000,1.8503,,,,
